<Lieux>
    <Lieu uuid="456e1234-e89b-12d3-a456-426614174000">
        <nom>Campus Arc 1</nom>
        <Lieux>
            <Lieu uuid="789e1234-e89b-12d3-a456-426614174001">
                <nom>1er Étage</nom>
                <Lieux>
                    <Lieu uuid="123f4567-e89b-12d3-a456-426614174001">
                        <nom>Classe A101</nom>
                    </Lieu>
                    <Lieu uuid="234g5678-e89b-12d3-a456-426614174002">
                        <nom>Classe A102</nom>
                    </Lieu>
                </Lieux>
            </Lieu>
        </Lieux>
    </Lieu>
    <Lieu uuid="321e6789-e89b-12d3-a456-426614174000">
        <nom>Campus Arc 2</nom>
        <Lieux>
            <Lieu uuid="890f1234-e89b-12d3-a456-426614174003">
                <nom>Rez-de-chaussée</nom>
                <Lieux>
                    <Lieu uuid="345h6789-e89b-12d3-a456-426614174004">
                        <nom>Classe B001</nom>
                    </Lieu>
                    <Lieu uuid="456i7890-e89b-12d3-a456-426614174005">
                        <nom>Classe B002</nom>
                    </Lieu>
                </Lieux>
            </Lieu>
        </Lieux>
    </Lieu>
</Lieux>
